test_name,input_file,test_args,variant_name,run_index,elapsed_seconds,return_code,command
RocketConfigNoCompress,/home/antoniok/anto/fir_sources/RocketConfigNoCompress.fir,,btor2,1,9.098305658,0,/home/antoniok/anto/circt_modular_release/build/bin/firtool /home/antoniok/anto/fir_sources/RocketConfigNoCompress.fir --format=fir --btor2 --annotation-file /home/antoniok/anto/circt_modular_release/benchmark_results/20260425_175841/generated_annotations/btor2.anno.json
RocketConfigNoCompress,/home/antoniok/anto/fir_sources/RocketConfigNoCompress.fir,,btor2,2,8.223461919,0,/home/antoniok/anto/circt_modular_release/build/bin/firtool /home/antoniok/anto/fir_sources/RocketConfigNoCompress.fir --format=fir --btor2 --annotation-file /home/antoniok/anto/circt_modular_release/benchmark_results/20260425_175841/generated_annotations/btor2.anno.json
RocketConfigNoCompress,/home/antoniok/anto/fir_sources/RocketConfigNoCompress.fir,,btor2,3,8.179421462,0,/home/antoniok/anto/circt_modular_release/build/bin/firtool /home/antoniok/anto/fir_sources/RocketConfigNoCompress.fir --format=fir --btor2 --annotation-file /home/antoniok/anto/circt_modular_release/benchmark_results/20260425_175841/generated_annotations/btor2.anno.json
RocketConfigNoCompress,/home/antoniok/anto/fir_sources/RocketConfigNoCompress.fir,,btor2,4,8.361732252,0,/home/antoniok/anto/circt_modular_release/build/bin/firtool /home/antoniok/anto/fir_sources/RocketConfigNoCompress.fir --format=fir --btor2 --annotation-file /home/antoniok/anto/circt_modular_release/benchmark_results/20260425_175841/generated_annotations/btor2.anno.json
RocketConfigNoCompress,/home/antoniok/anto/fir_sources/RocketConfigNoCompress.fir,,btor2,5,8.067709900,0,/home/antoniok/anto/circt_modular_release/build/bin/firtool /home/antoniok/anto/fir_sources/RocketConfigNoCompress.fir --format=fir --btor2 --annotation-file /home/antoniok/anto/circt_modular_release/benchmark_results/20260425_175841/generated_annotations/btor2.anno.json
RocketConfigNoCompress,/home/antoniok/anto/fir_sources/RocketConfigNoCompress.fir,,btor2,6,8.015505999,0,/home/antoniok/anto/circt_modular_release/build/bin/firtool /home/antoniok/anto/fir_sources/RocketConfigNoCompress.fir --format=fir --btor2 --annotation-file /home/antoniok/anto/circt_modular_release/benchmark_results/20260425_175841/generated_annotations/btor2.anno.json
RocketConfigNoCompress,/home/antoniok/anto/fir_sources/RocketConfigNoCompress.fir,,btor2,7,8.178720959,0,/home/antoniok/anto/circt_modular_release/build/bin/firtool /home/antoniok/anto/fir_sources/RocketConfigNoCompress.fir --format=fir --btor2 --annotation-file /home/antoniok/anto/circt_modular_release/benchmark_results/20260425_175841/generated_annotations/btor2.anno.json
RocketConfigNoCompress,/home/antoniok/anto/fir_sources/RocketConfigNoCompress.fir,,btor2,8,8.213138893,0,/home/antoniok/anto/circt_modular_release/build/bin/firtool /home/antoniok/anto/fir_sources/RocketConfigNoCompress.fir --format=fir --btor2 --annotation-file /home/antoniok/anto/circt_modular_release/benchmark_results/20260425_175841/generated_annotations/btor2.anno.json
RocketConfigNoCompress,/home/antoniok/anto/fir_sources/RocketConfigNoCompress.fir,,btor2,9,8.063983984,0,/home/antoniok/anto/circt_modular_release/build/bin/firtool /home/antoniok/anto/fir_sources/RocketConfigNoCompress.fir --format=fir --btor2 --annotation-file /home/antoniok/anto/circt_modular_release/benchmark_results/20260425_175841/generated_annotations/btor2.anno.json
RocketConfigNoCompress,/home/antoniok/anto/fir_sources/RocketConfigNoCompress.fir,,btor2,10,8.230027631,0,/home/antoniok/anto/circt_modular_release/build/bin/firtool /home/antoniok/anto/fir_sources/RocketConfigNoCompress.fir --format=fir --btor2 --annotation-file /home/antoniok/anto/circt_modular_release/benchmark_results/20260425_175841/generated_annotations/btor2.anno.json
RocketConfigNoCompress,/home/antoniok/anto/fir_sources/RocketConfigNoCompress.fir,,btor2pp,1,12.013860002,0,/home/antoniok/anto/circt_modular_release/build/bin/firtool /home/antoniok/anto/fir_sources/RocketConfigNoCompress.fir --format=fir --btor2pp --annotation-file /home/antoniok/anto/circt_modular_release/benchmark_results/20260425_175841/generated_annotations/btor2pp.anno.json
RocketConfigNoCompress,/home/antoniok/anto/fir_sources/RocketConfigNoCompress.fir,,btor2pp,2,11.252867855,0,/home/antoniok/anto/circt_modular_release/build/bin/firtool /home/antoniok/anto/fir_sources/RocketConfigNoCompress.fir --format=fir --btor2pp --annotation-file /home/antoniok/anto/circt_modular_release/benchmark_results/20260425_175841/generated_annotations/btor2pp.anno.json
RocketConfigNoCompress,/home/antoniok/anto/fir_sources/RocketConfigNoCompress.fir,,btor2pp,3,11.554115601,0,/home/antoniok/anto/circt_modular_release/build/bin/firtool /home/antoniok/anto/fir_sources/RocketConfigNoCompress.fir --format=fir --btor2pp --annotation-file /home/antoniok/anto/circt_modular_release/benchmark_results/20260425_175841/generated_annotations/btor2pp.anno.json
RocketConfigNoCompress,/home/antoniok/anto/fir_sources/RocketConfigNoCompress.fir,,btor2pp,4,11.669635713,0,/home/antoniok/anto/circt_modular_release/build/bin/firtool /home/antoniok/anto/fir_sources/RocketConfigNoCompress.fir --format=fir --btor2pp --annotation-file /home/antoniok/anto/circt_modular_release/benchmark_results/20260425_175841/generated_annotations/btor2pp.anno.json
RocketConfigNoCompress,/home/antoniok/anto/fir_sources/RocketConfigNoCompress.fir,,btor2pp,5,11.504559778,0,/home/antoniok/anto/circt_modular_release/build/bin/firtool /home/antoniok/anto/fir_sources/RocketConfigNoCompress.fir --format=fir --btor2pp --annotation-file /home/antoniok/anto/circt_modular_release/benchmark_results/20260425_175841/generated_annotations/btor2pp.anno.json
RocketConfigNoCompress,/home/antoniok/anto/fir_sources/RocketConfigNoCompress.fir,,btor2pp,6,11.621684082,0,/home/antoniok/anto/circt_modular_release/build/bin/firtool /home/antoniok/anto/fir_sources/RocketConfigNoCompress.fir --format=fir --btor2pp --annotation-file /home/antoniok/anto/circt_modular_release/benchmark_results/20260425_175841/generated_annotations/btor2pp.anno.json
RocketConfigNoCompress,/home/antoniok/anto/fir_sources/RocketConfigNoCompress.fir,,btor2pp,7,10.950505830,0,/home/antoniok/anto/circt_modular_release/build/bin/firtool /home/antoniok/anto/fir_sources/RocketConfigNoCompress.fir --format=fir --btor2pp --annotation-file /home/antoniok/anto/circt_modular_release/benchmark_results/20260425_175841/generated_annotations/btor2pp.anno.json
RocketConfigNoCompress,/home/antoniok/anto/fir_sources/RocketConfigNoCompress.fir,,btor2pp,8,11.649070889,0,/home/antoniok/anto/circt_modular_release/build/bin/firtool /home/antoniok/anto/fir_sources/RocketConfigNoCompress.fir --format=fir --btor2pp --annotation-file /home/antoniok/anto/circt_modular_release/benchmark_results/20260425_175841/generated_annotations/btor2pp.anno.json
RocketConfigNoCompress,/home/antoniok/anto/fir_sources/RocketConfigNoCompress.fir,,btor2pp,9,11.453237861,0,/home/antoniok/anto/circt_modular_release/build/bin/firtool /home/antoniok/anto/fir_sources/RocketConfigNoCompress.fir --format=fir --btor2pp --annotation-file /home/antoniok/anto/circt_modular_release/benchmark_results/20260425_175841/generated_annotations/btor2pp.anno.json
RocketConfigNoCompress,/home/antoniok/anto/fir_sources/RocketConfigNoCompress.fir,,btor2pp,10,11.326582074,0,/home/antoniok/anto/circt_modular_release/build/bin/firtool /home/antoniok/anto/fir_sources/RocketConfigNoCompress.fir --format=fir --btor2pp --annotation-file /home/antoniok/anto/circt_modular_release/benchmark_results/20260425_175841/generated_annotations/btor2pp.anno.json
RocketConfigNoCompress,/home/antoniok/anto/fir_sources/RocketConfigNoCompress.fir,,btor2pp-split-mems,1,8.222417332,0,/home/antoniok/anto/circt_modular_release/build/bin/firtool /home/antoniok/anto/fir_sources/RocketConfigNoCompress.fir --format=fir --btor2pp --annotation-file /home/antoniok/anto/circt_modular_release/benchmark_results/20260425_175841/generated_annotations/btor2pp-split-mems.anno.json
RocketConfigNoCompress,/home/antoniok/anto/fir_sources/RocketConfigNoCompress.fir,,btor2pp-split-mems,2,8.424832344,0,/home/antoniok/anto/circt_modular_release/build/bin/firtool /home/antoniok/anto/fir_sources/RocketConfigNoCompress.fir --format=fir --btor2pp --annotation-file /home/antoniok/anto/circt_modular_release/benchmark_results/20260425_175841/generated_annotations/btor2pp-split-mems.anno.json
RocketConfigNoCompress,/home/antoniok/anto/fir_sources/RocketConfigNoCompress.fir,,btor2pp-split-mems,3,8.414909020,0,/home/antoniok/anto/circt_modular_release/build/bin/firtool /home/antoniok/anto/fir_sources/RocketConfigNoCompress.fir --format=fir --btor2pp --annotation-file /home/antoniok/anto/circt_modular_release/benchmark_results/20260425_175841/generated_annotations/btor2pp-split-mems.anno.json
RocketConfigNoCompress,/home/antoniok/anto/fir_sources/RocketConfigNoCompress.fir,,btor2pp-split-mems,4,8.520900428,0,/home/antoniok/anto/circt_modular_release/build/bin/firtool /home/antoniok/anto/fir_sources/RocketConfigNoCompress.fir --format=fir --btor2pp --annotation-file /home/antoniok/anto/circt_modular_release/benchmark_results/20260425_175841/generated_annotations/btor2pp-split-mems.anno.json
RocketConfigNoCompress,/home/antoniok/anto/fir_sources/RocketConfigNoCompress.fir,,btor2pp-split-mems,5,8.173902042,0,/home/antoniok/anto/circt_modular_release/build/bin/firtool /home/antoniok/anto/fir_sources/RocketConfigNoCompress.fir --format=fir --btor2pp --annotation-file /home/antoniok/anto/circt_modular_release/benchmark_results/20260425_175841/generated_annotations/btor2pp-split-mems.anno.json
RocketConfigNoCompress,/home/antoniok/anto/fir_sources/RocketConfigNoCompress.fir,,btor2pp-split-mems,6,8.328649163,0,/home/antoniok/anto/circt_modular_release/build/bin/firtool /home/antoniok/anto/fir_sources/RocketConfigNoCompress.fir --format=fir --btor2pp --annotation-file /home/antoniok/anto/circt_modular_release/benchmark_results/20260425_175841/generated_annotations/btor2pp-split-mems.anno.json
RocketConfigNoCompress,/home/antoniok/anto/fir_sources/RocketConfigNoCompress.fir,,btor2pp-split-mems,7,8.357223593,0,/home/antoniok/anto/circt_modular_release/build/bin/firtool /home/antoniok/anto/fir_sources/RocketConfigNoCompress.fir --format=fir --btor2pp --annotation-file /home/antoniok/anto/circt_modular_release/benchmark_results/20260425_175841/generated_annotations/btor2pp-split-mems.anno.json
RocketConfigNoCompress,/home/antoniok/anto/fir_sources/RocketConfigNoCompress.fir,,btor2pp-split-mems,8,8.346774735,0,/home/antoniok/anto/circt_modular_release/build/bin/firtool /home/antoniok/anto/fir_sources/RocketConfigNoCompress.fir --format=fir --btor2pp --annotation-file /home/antoniok/anto/circt_modular_release/benchmark_results/20260425_175841/generated_annotations/btor2pp-split-mems.anno.json
RocketConfigNoCompress,/home/antoniok/anto/fir_sources/RocketConfigNoCompress.fir,,btor2pp-split-mems,9,8.380852990,0,/home/antoniok/anto/circt_modular_release/build/bin/firtool /home/antoniok/anto/fir_sources/RocketConfigNoCompress.fir --format=fir --btor2pp --annotation-file /home/antoniok/anto/circt_modular_release/benchmark_results/20260425_175841/generated_annotations/btor2pp-split-mems.anno.json
RocketConfigNoCompress,/home/antoniok/anto/fir_sources/RocketConfigNoCompress.fir,,btor2pp-split-mems,10,8.470237501,0,/home/antoniok/anto/circt_modular_release/build/bin/firtool /home/antoniok/anto/fir_sources/RocketConfigNoCompress.fir --format=fir --btor2pp --annotation-file /home/antoniok/anto/circt_modular_release/benchmark_results/20260425_175841/generated_annotations/btor2pp-split-mems.anno.json
RocketConfigNoCompress,/home/antoniok/anto/fir_sources/RocketConfigNoCompress.fir,,btor2pp-split-reg-vecs,1,11.334542900,0,/home/antoniok/anto/circt_modular_release/build/bin/firtool /home/antoniok/anto/fir_sources/RocketConfigNoCompress.fir --format=fir --btor2pp --annotation-file /home/antoniok/anto/circt_modular_release/benchmark_results/20260425_175841/generated_annotations/btor2pp-split-reg-vecs.anno.json
RocketConfigNoCompress,/home/antoniok/anto/fir_sources/RocketConfigNoCompress.fir,,btor2pp-split-reg-vecs,2,11.500136673,0,/home/antoniok/anto/circt_modular_release/build/bin/firtool /home/antoniok/anto/fir_sources/RocketConfigNoCompress.fir --format=fir --btor2pp --annotation-file /home/antoniok/anto/circt_modular_release/benchmark_results/20260425_175841/generated_annotations/btor2pp-split-reg-vecs.anno.json
RocketConfigNoCompress,/home/antoniok/anto/fir_sources/RocketConfigNoCompress.fir,,btor2pp-split-reg-vecs,3,11.116976447,0,/home/antoniok/anto/circt_modular_release/build/bin/firtool /home/antoniok/anto/fir_sources/RocketConfigNoCompress.fir --format=fir --btor2pp --annotation-file /home/antoniok/anto/circt_modular_release/benchmark_results/20260425_175841/generated_annotations/btor2pp-split-reg-vecs.anno.json
RocketConfigNoCompress,/home/antoniok/anto/fir_sources/RocketConfigNoCompress.fir,,btor2pp-split-reg-vecs,4,11.391462348,0,/home/antoniok/anto/circt_modular_release/build/bin/firtool /home/antoniok/anto/fir_sources/RocketConfigNoCompress.fir --format=fir --btor2pp --annotation-file /home/antoniok/anto/circt_modular_release/benchmark_results/20260425_175841/generated_annotations/btor2pp-split-reg-vecs.anno.json
RocketConfigNoCompress,/home/antoniok/anto/fir_sources/RocketConfigNoCompress.fir,,btor2pp-split-reg-vecs,5,11.537340656,0,/home/antoniok/anto/circt_modular_release/build/bin/firtool /home/antoniok/anto/fir_sources/RocketConfigNoCompress.fir --format=fir --btor2pp --annotation-file /home/antoniok/anto/circt_modular_release/benchmark_results/20260425_175841/generated_annotations/btor2pp-split-reg-vecs.anno.json
RocketConfigNoCompress,/home/antoniok/anto/fir_sources/RocketConfigNoCompress.fir,,btor2pp-split-reg-vecs,6,11.862486400,0,/home/antoniok/anto/circt_modular_release/build/bin/firtool /home/antoniok/anto/fir_sources/RocketConfigNoCompress.fir --format=fir --btor2pp --annotation-file /home/antoniok/anto/circt_modular_release/benchmark_results/20260425_175841/generated_annotations/btor2pp-split-reg-vecs.anno.json
RocketConfigNoCompress,/home/antoniok/anto/fir_sources/RocketConfigNoCompress.fir,,btor2pp-split-reg-vecs,7,11.664709434,0,/home/antoniok/anto/circt_modular_release/build/bin/firtool /home/antoniok/anto/fir_sources/RocketConfigNoCompress.fir --format=fir --btor2pp --annotation-file /home/antoniok/anto/circt_modular_release/benchmark_results/20260425_175841/generated_annotations/btor2pp-split-reg-vecs.anno.json
RocketConfigNoCompress,/home/antoniok/anto/fir_sources/RocketConfigNoCompress.fir,,btor2pp-split-reg-vecs,8,11.709428988,0,/home/antoniok/anto/circt_modular_release/build/bin/firtool /home/antoniok/anto/fir_sources/RocketConfigNoCompress.fir --format=fir --btor2pp --annotation-file /home/antoniok/anto/circt_modular_release/benchmark_results/20260425_175841/generated_annotations/btor2pp-split-reg-vecs.anno.json
RocketConfigNoCompress,/home/antoniok/anto/fir_sources/RocketConfigNoCompress.fir,,btor2pp-split-reg-vecs,9,11.308128513,0,/home/antoniok/anto/circt_modular_release/build/bin/firtool /home/antoniok/anto/fir_sources/RocketConfigNoCompress.fir --format=fir --btor2pp --annotation-file /home/antoniok/anto/circt_modular_release/benchmark_results/20260425_175841/generated_annotations/btor2pp-split-reg-vecs.anno.json
RocketConfigNoCompress,/home/antoniok/anto/fir_sources/RocketConfigNoCompress.fir,,btor2pp-split-reg-vecs,10,11.524588041,0,/home/antoniok/anto/circt_modular_release/build/bin/firtool /home/antoniok/anto/fir_sources/RocketConfigNoCompress.fir --format=fir --btor2pp --annotation-file /home/antoniok/anto/circt_modular_release/benchmark_results/20260425_175841/generated_annotations/btor2pp-split-reg-vecs.anno.json
